,RMSE,MAE
0,6.593129067332329,5.226360013477978
